{
  "project_info": {
    "project_number": "928271892541",
    "firebase_url": "https://homeofficeapp-4ec5d.firebaseio.com",
    "project_id": "homeofficeapp-4ec5d",
    "storage_bucket": "homeofficeapp-4ec5d.appspot.com"
  },
  "client": [
    {
      "client_info": {
        "mobilesdk_app_id": "1:928271892541:android:c85c62d11c5ad08b422a54",
        "android_client_info": {
          "package_name": "com.example.homeofficeapp"
        }
      },
      "oauth_client": [
        {
          "client_id": "928271892541-6685dr0hnhk91uoc83bjvpiqhg2daeuc.apps.googleusercontent.com",
          "client_type": 1,
          "android_info": {
            "package_name": "com.example.homeofficeapp",
            "certificate_hash": "88291270320805cc99f04d6186a673da66d53550"
          }
        },
        {
          "client_id": "928271892541-ikklaken65cj73kc7en38i8dkdpvhm76.apps.googleusercontent.com",
          "client_type": 3
        }
      ],
      "api_key": [
        {
          "current_key": "AIzaSyBG6Q8wWXGbTSukd0l_BXmiZNZzC2Fawio"
        }
      ],
      "services": {
        "appinvite_service": {
          "other_platform_oauth_client": [
            {
              "client_id": "928271892541-ikklaken65cj73kc7en38i8dkdpvhm76.apps.googleusercontent.com",
              "client_type": 3
            }
          ]
        }
      }
    },
    {
      "client_info": {
        "mobilesdk_app_id": "1:928271892541:android:25aba425fd68f923422a54",
        "android_client_info": {
          "package_name": "m.example.homeofficeapp"
        }
      },
      "oauth_client": [
        {
          "client_id": "928271892541-9mfv6nhogi2lil5csiqu1qsaject2g6k.apps.googleusercontent.com",
          "client_type": 1,
          "android_info": {
            "package_name": "m.example.homeofficeapp",
            "certificate_hash": "88291270320805cc99f04d6186a673da66d53550"
          }
        },
        {
          "client_id": "928271892541-ikklaken65cj73kc7en38i8dkdpvhm76.apps.googleusercontent.com",
          "client_type": 3
        }
      ],
      "api_key": [
        {
          "current_key": "AIzaSyBG6Q8wWXGbTSukd0l_BXmiZNZzC2Fawio"
        }
      ],
      "services": {
        "appinvite_service": {
          "other_platform_oauth_client": [
            {
              "client_id": "928271892541-ikklaken65cj73kc7en38i8dkdpvhm76.apps.googleusercontent.com",
              "client_type": 3
            }
          ]
        }
      }
    }
  ],
  "configuration_version": "1"
}